customer_id,customer_name,city,segment
1001,Customer_1,Daegu,Regular
1002,Customer_2,Busan,Regular
1003,Customer_3,Daejeon,Regular
1004,Customer_4,Incheon,Premium
1005,Customer_5,Seoul,Regular
1006,Customer_6,Gwangju,Regular
1007,Customer_7,Daegu,Regular
1008,Customer_8,Daegu,Regular
1009,Customer_9,Seoul,Regular
1010,Customer_10,Busan,Regular
1011,Customer_11,Busan,Regular
1012,Customer_12,Gwangju,Regular
1013,Customer_13,Incheon,Premium
1014,Customer_14,Daejeon,Regular
1015,Customer_15,Busan,Regular
1016,Customer_16,Seoul,Regular
1017,Customer_17,Incheon,Regular
1018,Customer_18,Seoul,Regular
1019,Customer_19,Daejeon,Regular
1020,Customer_20,Incheon,Premium
1021,Customer_21,Daegu,Regular
1022,Customer_22,Busan,Regular
1023,Customer_23,Gwangju,Premium
1024,Customer_24,Daejeon,Regular
1025,Customer_25,Daegu,Regular
1026,Customer_26,Seoul,Regular
1027,Customer_27,Busan,Regular
1028,Customer_28,Seoul,Regular
1029,Customer_29,Seoul,Regular
1030,Customer_30,Incheon,Regular
1031,Customer_31,Daegu,Regular
1032,Customer_32,Gwangju,Regular
1033,Customer_33,Seoul,Regular
1034,Customer_34,Busan,Regular
1035,Customer_35,Busan,Regular
1036,Customer_36,Seoul,Regular
1037,Customer_37,Seoul,Regular
1038,Customer_38,Busan,Regular
1039,Customer_39,Seoul,Regular
1040,Customer_40,Incheon,Premium
1041,Customer_41,Busan,Premium
1042,Customer_42,Daejeon,Regular
1043,Customer_43,Daegu,Regular
1044,Customer_44,Seoul,Premium
1045,Customer_45,Daejeon,Premium
1046,Customer_46,Daejeon,Regular
1047,Customer_47,Busan,Regular
1048,Customer_48,Seoul,Regular
1049,Customer_49,Incheon,Regular
1050,Customer_50,Seoul,Premium
1051,Customer_51,Seoul,Regular
1052,Customer_52,Seoul,Regular
1053,Customer_53,Daegu,Regular
1054,Customer_54,Incheon,Regular
1055,Customer_55,Daegu,Regular
1056,Customer_56,Daegu,Premium
1057,Customer_57,Busan,Premium
1058,Customer_58,Incheon,Regular
1059,Customer_59,Seoul,Regular
1060,Customer_60,Seoul,Regular
