order_id,customer_id,order_date,category,product,unit_price,quantity,payment_method
5285,1046,2026-03-29,Home & Kitchen,Air Fryer,"₩99,000",1.0,Card
5171,1042,2026-05-20,Home & Kitchen,Water Bottle,"₩18,000",1.0,Card
5151,1043,2026-08-15,Beauty,Face Serum,"₩45,000",2.0,KakaoPay
5105,1042,2026-07-26,Beauty,Hand Cream,"₩12,000",2.0,Card
5038,1049,2026-03-02,Fashion,Winter Jacket,"₩159,000",1.0,KakaoPay
5102,1031,2026-07-26, Electronics ,Wireless Earbuds,"₩59,000",4.0,Bank Transfer
5267,1028,2026-04-10,Beauty,Sunscreen,"₩22,000",2.0,Card
5243,1035,2026-03-29,fashion,Winter Jacket,"₩159,000",2.0,Card
5287,1010,2026-06-27,Fashion,Winter Jacket,"₩159,000",4.0,
5271,1019,2026-07-31,Fashion,Running Shoes,"₩89,000",4.0,KakaoPay
5264,1039,2026-04-26,Electronics,Wireless Earbuds,"₩59,000",2.0,Bank Transfer
5074,1007,2026-07-09,fashion,Backpack,"₩49,000",4.0,Bank Transfer
5282,1048,2026-04-02,Home & Kitchen,Air Fryer,"₩99,000",1.0,KakaoPay
5281,1022,2026-07-27,home & kitchen,Rice Cooker,"₩129,000",2.0,Card
5107,1032,2026-06-07,Fashion,Backpack,"₩49,000",1.0,Bank Transfer
5255,1024,2026-05-30,Fashion,Backpack,"₩49,000",1.0,Card
5092,1001,2026-06-07,Electronics,Smart Watch,"₩189,000",1.0,
5172,1003,2026-08-19,Electronics,Phone Charger,"₩25,000",2.0,Card
5058,1047,2026-05-12,Electronics,Wireless Earbuds,"₩59,000",3.0,Card
5081,1006,2026-07-31, Electronics ,Smart Watch,"₩189,000",,Card
5277,1017,2026-07-13,Fashion,Backpack,"₩49,000",3.0,KakaoPay
5243,1035,2026-03-29,fashion,Winter Jacket,"₩159,000",2.0,Card
5089,1050,2026-06-26,Electronics,Phone Charger,"₩25,000",1.0,Bank Transfer
5126,1022,2026-04-05,Home & Kitchen,Rice Cooker,"₩129,000",3.0,KakaoPay
5004,1009,2026-07-21,Electronics,Phone Charger,"₩25,000",2.0,Bank Transfer
5087,1037,2026-03-24,Fashion,Winter Jacket,"₩159,000",1.0,KakaoPay
5280,1025,2026-04-20,Home & Kitchen,Rice Cooker,"₩129,000",2.0,KakaoPay
5195,1044,2026-05-02,Electronics,Wireless Earbuds,"₩59,000",,
5162,1049,2026-04-21,Fashion,Backpack,"₩49,000",3.0,Bank Transfer
5123,1012,2026-03-27,Home & Kitchen,Rice Cooker,"₩129,000",1.0,KakaoPay
5218,1030,2026-04-11,Electronics,Phone Charger,"₩25,000",3.0,Bank Transfer
5031,1030,2026-07-16,Beauty,Hand Cream,"₩12,000",2.0,Card
5061,1007,2026-07-12,Fashion,Backpack,"₩49,000",4.0,KakaoPay
5015,1002,2026-04-12,Beauty,Sunscreen,"₩22,000",1.0,KakaoPay
5155,1020,2026-03-04,Fashion,Running Shoes,"₩89,000",4.0,Bank Transfer
5090,1006,2026-05-16,Beauty,Hand Cream,"₩12,000",,Bank Transfer
5226,1001,2026-05-09,Fashion,Winter Jacket,"₩159,000",3.0,Card
5292,1047,2026-04-07,Beauty,Sunscreen,"₩22,000",3.0,KakaoPay
5177,1002,2026-06-04,Home & Kitchen,Water Bottle,"₩18,000",4.0,KakaoPay
5085,1016,2026-06-04,Beauty,Face Serum,"₩45,000",2.0,Card
5067,1048,2026-07-21,Electronics,Wireless Earbuds,"₩59,000",3.0,Bank Transfer
5003,1008,2026-06-27, Electronics ,Wireless Earbuds,"₩59,000",3.0,Card
5274,1014,2026-05-09,Fashion,Running Shoes,"₩89,000",1.0,Bank Transfer
5286,1024,2026-03-13,Beauty,Face Serum,"₩45,000",4.0,KakaoPay
5066,1019,2026-05-18,Fashion,Running Shoes,"₩89,000",1.0,Bank Transfer
5130,1025,2026-05-09,Fashion,Backpack,"₩49,000",1.0,Card
5075,1030,2026-05-13,electronics,Smart Watch,"₩189,000",2.0,
5207,1021,2026-04-11,home & kitchen,Rice Cooker,"₩129,000",1.0,Card
5140,1009,2026-07-07,Home & Kitchen,Air Fryer,"₩99,000",2.0,Bank Transfer
5180,1030,2026-07-06,Beauty,Sunscreen,"₩22,000",2.0,KakaoPay
5174,1037,2026-07-12,Electronics,Smart Watch,"₩189,000",2.0,Bank Transfer
5142,1008,2026-06-26,Beauty,Hand Cream,"₩12,000",3.0,KakaoPay
5227,1036,2026-07-31,Fashion,Backpack,"₩49,000",2.0,Bank Transfer
5112,1005,2026-05-06,Home & Kitchen,Air Fryer,"₩99,000",4.0,Card
5164,1028,2026-06-25, Beauty ,Face Serum,"₩45,000",4.0,KakaoPay
5071,1011,2026-03-07,electronics,Smart Watch,"₩189,000",3.0,Bank Transfer
5095,1006,2026-06-07,Fashion,Backpack,"₩49,000",2.0,Bank Transfer
5211,1017,2026-04-11,Fashion,Running Shoes,"₩89,000",3.0,Card
5103,1043,2026-04-21,Beauty,Sunscreen,"₩22,000",1.0,Card
5019,1003,2026-06-04,electronics,Wireless Earbuds,"₩59,000",2.0,KakaoPay
5082,1033,2026-05-27,Fashion,Running Shoes,"₩89,000",3.0,KakaoPay
5091,1007,2026-03-23,beauty,Face Serum,"₩45,000",2.0,KakaoPay
5242,1005,2026-08-17,Home & Kitchen,Rice Cooker,"₩129,000",4.0,
5056,1003,2026-04-20,Beauty,Face Serum,"₩45,000",1.0,KakaoPay
5119,1016,2026-03-17,Beauty,Sunscreen,"₩22,000",3.0,KakaoPay
5200,1033,2026-05-16,Home & Kitchen,Air Fryer,"₩99,000",2.0,
5203,1004,2026-06-11,Electronics,Wireless Earbuds,"₩59,000",4.0,KakaoPay
5147,1025,2026-07-09,beauty,Face Serum,"₩45,000",1.0,Card
5241,1040,2026-03-07,Beauty,Sunscreen,"₩22,000",2.0,KakaoPay
5116,1033,2026-04-16,Fashion,Backpack,"₩49,000",2.0,Bank Transfer
5023,1005,2026-08-07,Home & Kitchen,Rice Cooker,"₩129,000",3.0,Bank Transfer
5098,1005,2026-06-21,Electronics,Phone Charger,"₩25,000",3.0,
5133,1038,2026-03-12,fashion,Running Shoes,"₩89,000",,Card
5229,1008,2026-07-18,Electronics,Wireless Earbuds,"₩59,000",3.0,Bank Transfer
5208,1044,2026-05-14,Home & Kitchen,Air Fryer,"₩99,000",1.0,Card
5160,1050,2026-07-07,Fashion,Winter Jacket,"₩159,000",4.0,KakaoPay
5115,1016,2026-06-06, electronics ,Smart Watch,"₩189,000",2.0,
5300,1003,2026-06-14,Beauty,Hand Cream,"₩12,000",,KakaoPay
5209,1025,2026-04-19,Electronics,Phone Charger,"₩25,000",1.0,Card
5265,1050,2026-03-19,Beauty,Hand Cream,"₩12,000",3.0,Bank Transfer
5173,1036,2026-07-16,Beauty,Hand Cream,"₩12,000",3.0,Bank Transfer
5100,1010,2026-07-24,Beauty,Hand Cream,"₩12,000",1.0,Bank Transfer
5148,1043,2026-07-30,home & kitchen,Air Fryer,"₩99,000",4.0,KakaoPay
5246,1037,2026-08-06,Home & Kitchen,Rice Cooker,"₩129,000",3.0,Bank Transfer
5025,1042,2026-03-13,Electronics,Wireless Earbuds,"₩59,000",4.0,Card
5185,1036,2026-08-02,Electronics,Smart Watch,"₩189,000",3.0,KakaoPay
5260,1010,2026-08-23,Home & Kitchen,Air Fryer,"₩99,000",2.0,KakaoPay
5161,1039,2026-08-25,beauty,Face Serum,"₩45,000",3.0,Bank Transfer
5063,1032,2026-07-02,Beauty,Face Serum,"₩45,000",1.0,Card
5254,1021,2026-05-09,Fashion,Winter Jacket,"₩159,000",1.0,KakaoPay
5079,1027,2026-07-01,Home & Kitchen,Rice Cooker,"₩129,000",3.0,Bank Transfer
5127,1026,2026-08-21,fashion,Winter Jacket,"₩159,000",4.0,Bank Transfer
5051,1009,2026-04-05,Fashion,Running Shoes,"₩89,000",,Card
5213,1047,2026-04-14,Fashion,Running Shoes,"₩89,000",2.0,Card
5129,1040,2026-04-18,Fashion,Winter Jacket,"₩159,000",1.0,Card
5128,1047,2026-03-24, Fashion ,Backpack,"₩49,000",4.0,
5146,1015,2026-04-04,Fashion,Running Shoes,"₩89,000",1.0,KakaoPay
5053,1026,2026-08-25,beauty,Sunscreen,"₩22,000",3.0,Bank Transfer
5062,1043,2026-08-22, Home & Kitchen ,Rice Cooker,"₩129,000",4.0,KakaoPay
5293,1001,2026-07-14,Home & Kitchen,Rice Cooker,"₩129,000",3.0,Bank Transfer
5283,1009,2026-03-27,Beauty,Hand Cream,"₩12,000",2.0,KakaoPay
5029,1012,2026-04-01,Beauty,Sunscreen,"₩22,000",2.0,Card
5070,1032,2026-07-16, Fashion ,Winter Jacket,"₩159,000",1.0,Card
5037,1006,2026-07-30,Electronics,Phone Charger,"₩25,000",3.0,
5041,1040,2026-04-15,Home & Kitchen,Water Bottle,"₩18,000",2.0,Card
5156,1009,2026-05-10,Fashion,Winter Jacket,"₩159,000",,KakaoPay
5262,1048,2026-03-17,electronics,Phone Charger,"₩25,000",1.0,KakaoPay
5012,9999,2026-04-26, Home & Kitchen ,Rice Cooker,"₩129,000",3.0,Bank Transfer
5291,1038,2026-03-10,Fashion,Winter Jacket,"₩159,000",3.0,Bank Transfer
5278,1013,2026-04-29,fashion,Running Shoes,"₩89,000",2.0,Card
5259,1045,2026-06-14,home & kitchen,Water Bottle,"₩18,000",2.0,Card
5194,1013,2026-08-01,Electronics,Wireless Earbuds,"₩59,000",2.0,Card
5169,1021,2026-04-13,home & kitchen,Water Bottle,"₩18,000",1.0,Bank Transfer
5228,1045,2026-03-23,Beauty,Sunscreen,"₩22,000",1.0,KakaoPay
5099,1013,2026-04-14, Beauty ,Sunscreen,"₩22,000",2.0,Card
5175,1012,2026-08-11,Home & Kitchen,Air Fryer,"₩99,000",1.0,KakaoPay
5047,1030,2026-05-25,Beauty,Sunscreen,"₩22,000",2.0,Card
5263,1006,2026-08-07,fashion,Winter Jacket,"₩159,000",1.0,Card
5214,1036,2026-08-03,Home & Kitchen,Rice Cooker,"₩129,000",1.0,Card
5268,1031,2026-07-12,Beauty,Hand Cream,"₩12,000",2.0,KakaoPay
5139,1011,2026-06-30,Home & Kitchen,Air Fryer,"₩99,000",4.0,KakaoPay
5109,1036,2026-03-18,Electronics,Wireless Earbuds,"₩59,000",3.0,Bank Transfer
5177,1002,2026-06-04,Home & Kitchen,Water Bottle,"₩18,000",4.0,KakaoPay
5272,1039,2026-03-06,Electronics,Smart Watch,"₩189,000",1.0,Card
5299,1009,2026-06-09,Fashion,Winter Jacket,"₩159,000",1.0,Bank Transfer
5016,1042,2026-04-25,Fashion,Winter Jacket,"₩159,000",2.0,Bank Transfer
5114,1029,2026-08-05,Home & Kitchen,Rice Cooker,"₩129,000",2.0,Card
5008,1047,2026-05-19,Fashion,Winter Jacket,"₩159,000",1.0,KakaoPay
5273,1007,2026-05-13,Fashion,Backpack,"₩49,000",1.0,Bank Transfer
5149,1034,2026-05-13,fashion,Winter Jacket,"₩159,000",4.0,Bank Transfer
5233,1027,2026-05-14, Electronics ,Smart Watch,"₩189,000",1.0,KakaoPay
5074,1007,2026-07-09,fashion,Backpack,"₩49,000",4.0,Bank Transfer
5009,1014,2026-07-24,Fashion,Winter Jacket,"₩159,000",4.0,Card
5028,1026,2026-05-29,Home & Kitchen,Water Bottle,"₩18,000",2.0,Card
5295,1008,2026-05-18,Beauty,Sunscreen,"₩22,000",4.0,KakaoPay
5059,1046,2026-07-23,Beauty,Hand Cream,"₩12,000",1.0,Bank Transfer
5223,1016,2026-03-27,Fashion,Backpack,"₩49,000",3.0,Bank Transfer
5249,1046,2026-07-19, Home & Kitchen ,Air Fryer,"₩99,000",3.0,Bank Transfer
5237,1013,2026-07-30,Beauty,Hand Cream,"₩12,000",3.0,KakaoPay
5032,1036,2026-03-05,Beauty,Hand Cream,"₩12,000",1.0,Bank Transfer
5002,1003,2026-07-20,Beauty,Face Serum,"₩45,000",1.0,KakaoPay
5190,1038,2026-08-21,Beauty,Hand Cream,"₩12,000",3.0,KakaoPay
5014,1006,2026-04-27,Beauty,Hand Cream,"₩12,000",3.0,Bank Transfer
5010,1022,2026-07-31,Fashion,Winter Jacket,"₩159,000",2.0,Card
5290,1018,2026-08-15,Fashion,Running Shoes,"₩89,000",1.0,Bank Transfer
5096,1015,2026-07-02,Electronics,Smart Watch,"₩189,000",4.0,
5035,1048,2026-04-26,Fashion,Winter Jacket,"₩159,000",3.0,Card
5097,1050,2026-06-28,Electronics,Wireless Earbuds,"₩59,000",1.0,KakaoPay
5186,1046,2026-05-29,Electronics,Phone Charger,"₩25,000",1.0,KakaoPay
5189,1018,2026-08-06,Beauty,Face Serum,"₩45,000",2.0,KakaoPay
5154,1025,2026-06-13,Home & Kitchen,Rice Cooker,"₩129,000",4.0,KakaoPay
5244,1009,2026-04-17,Home & Kitchen,Water Bottle,"₩18,000",3.0,Card
5267,1028,2026-04-10,Beauty,Sunscreen,"₩22,000",2.0,Card
5046,1041,2026-07-30,Beauty,Hand Cream,"₩12,000",4.0,Card
5217,1032,2026-07-06,Electronics,Wireless Earbuds,"₩59,000",,Card
5033,1007,2026-05-18,Beauty,Sunscreen,"₩22,000",3.0,Bank Transfer
5078,1029,2026-03-24,Electronics,Wireless Earbuds,"₩59,000",1.0,KakaoPay
5238,1020,2026-06-03,Electronics,Phone Charger,"₩25,000",4.0,Bank Transfer
5134,1043,2026-07-06, Home & Kitchen ,Water Bottle,"₩18,000",2.0,
5145,1046,2026-04-13,Home & Kitchen,Air Fryer,"₩99,000",4.0,Card
5157,1002,2026-04-16,home & kitchen,Air Fryer,"₩99,000",3.0,Bank Transfer
5064,1024,2026-05-18,Electronics,Wireless Earbuds,"₩59,000",1.0,KakaoPay
5083,1034,2026-04-07, Beauty ,Hand Cream,"₩12,000",,KakaoPay
5239,1029,2026-07-16,Fashion,Backpack,"₩49,000",2.0,Bank Transfer
5231,1001,2026-08-14,Home & Kitchen,Air Fryer,"₩99,000",3.0,Bank Transfer
5240,1021,2026-03-27,Fashion,Backpack,"₩49,000",4.0,KakaoPay
5042,1031,2026-07-16, Home & Kitchen ,Rice Cooker,"₩129,000",4.0,Bank Transfer
5178,1034,2026-06-18,Fashion,Backpack,"₩49,000",2.0,Card
5165,1050,2026-03-20,Home & Kitchen,Water Bottle,"₩18,000",1.0,Card
5110,1003,2026-05-31,Fashion,Winter Jacket,"₩159,000",1.0,KakaoPay
5182,1018,2026-06-30,Fashion,Running Shoes,"₩89,000",2.0,Bank Transfer
5224,1011,2026-04-23,Electronics,Phone Charger,"₩25,000",3.0,KakaoPay
5122,1002,2026-08-13,Fashion,Running Shoes,"₩89,000",2.0,KakaoPay
5052,1035,2026-06-01,Home & Kitchen,Rice Cooker,"₩129,000",4.0,KakaoPay
5057,1006,2026-08-08,Beauty,Face Serum,"₩45,000",1.0,Bank Transfer
5250,1005,2026-05-30,Beauty,Hand Cream,"₩12,000",1.0,Card
5159,1014,2026-05-14,Fashion,Running Shoes,"₩89,000",1.0,Bank Transfer
5086,1047,2026-03-16,beauty,Sunscreen,"₩22,000",3.0,KakaoPay
5121,1011,2026-07-30,Electronics,Phone Charger,"₩25,000",4.0,KakaoPay
5296,1047,2026-03-28,Home & Kitchen,Rice Cooker,"₩129,000",3.0,Card
5298,1024,2026-03-14,Fashion,Winter Jacket,"₩159,000",3.0,Bank Transfer
5288,1038,2026-07-26,electronics,Smart Watch,"₩189,000",2.0,KakaoPay
5236,1030,2026-03-10,Electronics,Wireless Earbuds,"₩59,000",1.0,Card
5215,1007,2026-04-27,Fashion,Running Shoes,"₩89,000",,Bank Transfer
5088,1040,2026-05-04,Beauty,Hand Cream,"₩12,000",3.0,KakaoPay
5166,1038,2026-08-22,Beauty,Hand Cream,"₩12,000",3.0,KakaoPay
5148,1043,2026-07-30,home & kitchen,Air Fryer,"₩99,000",4.0,KakaoPay
5256,1020,2026-05-05,Home & Kitchen,Rice Cooker,"₩129,000",4.0,Card
5106,1007,2026-03-21, Home & Kitchen ,Air Fryer,"₩99,000",3.0,KakaoPay
5247,1026,2026-05-14, Fashion ,Winter Jacket,"₩159,000",1.0,Bank Transfer
5183,1050,2026-06-05,Home & Kitchen,Water Bottle,"₩18,000",3.0,Card
5050,1006,2026-05-22,Fashion,Running Shoes,"₩89,000",3.0,Card
5222,1050,2026-08-11,Beauty,Face Serum,"₩45,000",1.0,KakaoPay
5006,1048,2026-03-28,Home & Kitchen,Air Fryer,"₩99,000",2.0,KakaoPay
5018,1013,2026-08-10,Fashion,Winter Jacket,"₩159,000",4.0,Bank Transfer
5297,1024,2026-07-08,Home & Kitchen,Water Bottle,"₩18,000",2.0,KakaoPay
5117,1026,2026-05-23,electronics,Wireless Earbuds,"₩59,000",3.0,KakaoPay
5245,1046,2026-08-25,Beauty,Hand Cream,"₩12,000",1.0,Card
5107,1032,2026-06-07,Fashion,Backpack,"₩49,000",1.0,Bank Transfer
5188,1001,2026-06-08,Home & Kitchen,Air Fryer,"₩99,000",2.0,KakaoPay
5163,1006,2026-03-14, Home & Kitchen ,Water Bottle,"₩18,000",3.0,Bank Transfer
5135,1031,2026-04-13,Fashion,Running Shoes,"₩89,000",3.0,Card
5289,1047,2026-07-28,Beauty,Sunscreen,"₩22,000",,KakaoPay
5191,1045,2026-05-02,beauty,Sunscreen,"₩22,000",2.0,Card
5065,1019,2026-04-30,Fashion,Running Shoes,"₩89,000",3.0,KakaoPay
5027,1016,2026-04-20,Electronics,Wireless Earbuds,"₩59,000",4.0,
5221,1046,2026-04-14,Home & Kitchen,Air Fryer,"₩99,000",,KakaoPay
5170,1028,2026-04-09,Fashion,Running Shoes,"₩89,000",3.0,Bank Transfer
5181,1045,2026-06-07,electronics,Wireless Earbuds,"₩59,000",4.0,Card
5101,1002,2026-08-11,Home & Kitchen,Rice Cooker,"₩129,000",1.0,Card
5198,1041,2026-04-16,fashion,Backpack,"₩49,000",3.0,Bank Transfer
5210,1040,2026-06-08, home & kitchen ,Rice Cooker,"₩129,000",2.0,Bank Transfer
5136,1048,2026-05-30,Fashion,Winter Jacket,"₩159,000",1.0,Bank Transfer
5294,1004,2026-08-06,Home & Kitchen,Air Fryer,"₩99,000",2.0,KakaoPay
5270,1030,2026-05-07,Electronics,Smart Watch,"₩189,000",3.0,Bank Transfer
5199,1010,2026-05-24,Home & Kitchen,Water Bottle,"₩18,000",1.0,
5118,1006,2026-03-24,Beauty,Face Serum,"₩45,000",4.0,
5167,1003,2026-04-23,Electronics,Wireless Earbuds,"₩59,000",3.0,Bank Transfer
5232,1007,2026-05-09, Fashion ,Winter Jacket,"₩159,000",3.0,Bank Transfer
5137,1016,2026-05-16,Home & Kitchen,Water Bottle,"₩18,000",4.0,Bank Transfer
5030,1007,2026-08-22,Electronics,Smart Watch,"₩189,000",2.0,KakaoPay
5080,1025,2026-06-02,Beauty,Hand Cream,"₩12,000",1.0,KakaoPay
5205,1020,2026-06-23,Beauty,Sunscreen,"₩22,000",4.0,Card
5141,1028,2026-08-20,Beauty,Hand Cream,"₩12,000",1.0,Bank Transfer
5158,1016,2026-05-15,fashion,Winter Jacket,"₩159,000",1.0,KakaoPay
5132,1017,2026-06-10,Electronics,Wireless Earbuds,"₩59,000",2.0,Card
5040,1001,2026-07-31, Fashion ,Backpack,"₩49,000",3.0,Card
5179,1018,2026-06-03,home & kitchen,Water Bottle,"₩18,000",4.0,Bank Transfer
5206,1011,2026-05-20,beauty,Hand Cream,"₩12,000",4.0,Card
5216,1010,2026-08-15,Electronics,Wireless Earbuds,"₩59,000",4.0,Card
5235,1034,2026-05-01, Electronics ,Wireless Earbuds,"₩59,000",4.0,Bank Transfer
5055,1013,2026-04-11,beauty,Sunscreen,"₩22,000",3.0,KakaoPay
5124,1036,2026-06-15,Home & Kitchen,Rice Cooker,"₩129,000",3.0,KakaoPay
5201,1022,2026-08-16,Beauty,Face Serum,"₩45,000",1.0,Card
5044,1033,2026-03-21,Beauty,Face Serum,"₩45,000",4.0,Bank Transfer
5266,1004,2026-06-14,home & kitchen,Water Bottle,"₩18,000",2.0,Card
5049,1009,2026-06-16, Beauty ,Hand Cream,"₩12,000",1.0,Card
5036,1002,2026-05-29,Beauty,Hand Cream,"₩12,000",3.0,KakaoPay
5060,1039,2026-06-13,Home & Kitchen,Water Bottle,"₩18,000",3.0,KakaoPay
5144,1024,2026-05-26,Electronics,Phone Charger,"₩25,000",4.0,Card
5054,1003,2026-06-05,Beauty,Hand Cream,"₩12,000",2.0,
5021,1045,2026-04-10,Beauty,Hand Cream,"₩12,000",1.0,KakaoPay
5125,1016,2026-06-19,Fashion,Winter Jacket,"₩159,000",1.0,Bank Transfer
5143,1005,2026-04-29,Beauty,Face Serum,"₩45,000",4.0,Bank Transfer
5111,1045,2026-04-09,Electronics,Wireless Earbuds,"₩59,000",2.0,Bank Transfer
5257,1035,2026-04-25,Home & Kitchen,Air Fryer,"₩99,000",,KakaoPay
5077,1005,2026-03-10,Fashion,Winter Jacket,"₩159,000",3.0,KakaoPay
5284,1013,2026-03-30,beauty,Sunscreen,"₩22,000",,Card
5275,1021,2026-06-26,Fashion,Running Shoes,"₩89,000",1.0,KakaoPay
5108,1037,2026-07-25,home & kitchen,Air Fryer,"₩99,000",,Card
5094,1016,2026-03-03,Home & Kitchen,Rice Cooker,"₩129,000",3.0,Bank Transfer
5013,9999,2026-04-13,Electronics,Wireless Earbuds,"₩59,000",3.0,Bank Transfer
5017,1048,2026-04-06,Beauty,Sunscreen,"₩22,000",3.0,Card
5048,1016,2026-04-27,Electronics,Smart Watch,"₩189,000",4.0,Card
5187,1019,2026-03-19, Home & Kitchen ,Air Fryer,"₩99,000",1.0,Card
5204,1016,2026-07-21,home & kitchen,Rice Cooker,"₩129,000",1.0,Card
5269,1013,2026-03-15,Fashion,Running Shoes,"₩89,000",2.0,Card
5120,1032,2026-05-12,Beauty,Face Serum,"₩45,000",4.0,KakaoPay
5022,1039,2026-03-04,Home & Kitchen,Air Fryer,"₩99,000",2.0,KakaoPay
5084,1039,2026-07-26,Fashion,Backpack,"₩49,000",3.0,Card
5131,1043,2026-08-04,Electronics,Wireless Earbuds,"₩59,000",4.0,Card
5230,1026,2026-07-21,Electronics,Wireless Earbuds,"₩59,000",1.0,Bank Transfer
5128,1047,2026-03-24, Fashion ,Backpack,"₩49,000",4.0,
5124,1036,2026-06-15,Home & Kitchen,Rice Cooker,"₩129,000",3.0,KakaoPay
5034,1016,2026-08-23,Electronics,Phone Charger,"₩25,000",1.0,KakaoPay
5005,1018,2026-05-20,Beauty,Face Serum,"₩45,000",3.0,KakaoPay
5020,1045,2026-03-28,Beauty,Hand Cream,"₩12,000",1.0,Bank Transfer
5220,1039,2026-08-09,Home & Kitchen,Air Fryer,"₩99,000",4.0,Bank Transfer
5276,1036,2026-08-06,Electronics,Wireless Earbuds,"₩59,000",1.0,Bank Transfer
5150,1019,2026-07-09,Fashion,Running Shoes,"₩89,000",3.0,KakaoPay
5225,1004,2026-07-27,Fashion,Running Shoes,"₩89,000",4.0,Card
5248,1040,2026-06-05,Fashion,Backpack,"₩49,000",4.0,KakaoPay
5279,1045,2026-03-14,Electronics,Smart Watch,"₩189,000",1.0,Bank Transfer
5152,1043,2026-07-03,Fashion,Backpack,"₩49,000",2.0,KakaoPay
5234,1003,2026-07-08,Electronics,Wireless Earbuds,"₩59,000",2.0,KakaoPay
5011,9999,2026-03-02,Home & Kitchen,Water Bottle,"₩18,000",3.0,Card
5072,1007,2026-08-13, Fashion ,Backpack,"₩49,000",4.0,KakaoPay
5253,1016,2026-06-21,Fashion,Winter Jacket,"₩159,000",2.0,KakaoPay
5093,1015,2026-05-17,Fashion,Backpack,"₩49,000",4.0,KakaoPay
5193,1030,2026-04-08,Beauty,Hand Cream,"₩12,000",3.0,KakaoPay
5258,1013,2026-07-09,electronics,Smart Watch,"₩189,000",1.0,Card
5214,1036,2026-08-03,Home & Kitchen,Rice Cooker,"₩129,000",1.0,Card
5196,1040,2026-04-15,Electronics,Phone Charger,"₩25,000",3.0,Bank Transfer
5138,1020,2026-07-14,Electronics,Smart Watch,"₩189,000",4.0,KakaoPay
5261,1013,2026-05-21,Electronics,Phone Charger,"₩25,000",1.0,Card
5039,1041,2026-07-11,Electronics,Smart Watch,"₩189,000",2.0,
5202,1006,2026-07-12,Beauty,Hand Cream,"₩12,000",2.0,Card
5190,1038,2026-08-21,Beauty,Hand Cream,"₩12,000",3.0,KakaoPay
5252,1036,2026-07-23,Beauty,Face Serum,"₩45,000",4.0,Bank Transfer
5113,1023,2026-06-15,Home & Kitchen,Water Bottle,"₩18,000",3.0,Bank Transfer
5184,1007,2026-06-05,Beauty,Face Serum,"₩45,000",1.0,
5153,1030,2026-04-24,Home & Kitchen,Water Bottle,"₩18,000",1.0,Bank Transfer
5192,1046,2026-08-08,Fashion,Running Shoes,"₩89,000",2.0,KakaoPay
5045,1013,2026-06-04,Home & Kitchen,Rice Cooker,"₩129,000",2.0,Card
5276,1036,2026-08-06,Electronics,Wireless Earbuds,"₩59,000",1.0,Bank Transfer
5007,1005,2026-03-12,home & kitchen,Water Bottle,"₩18,000",2.0,KakaoPay
5251,1002,2026-05-22,Home & Kitchen,Water Bottle,"₩18,000",1.0,Bank Transfer
5076,1048,2026-08-15,Beauty,Hand Cream,"₩12,000",1.0,Card
5001,1033,2026-03-18,Electronics,Phone Charger,"₩25,000",3.0,Card
5069,1033,2026-05-28,Beauty,Hand Cream,"₩12,000",1.0,Bank Transfer
5168,1050,2026-08-05,Beauty,Face Serum,"₩45,000",4.0,KakaoPay
5219,1043,2026-04-20,Home & Kitchen,Air Fryer,"₩99,000",3.0,
5043,1021,2026-04-22,Beauty,Face Serum,"₩45,000",1.0,KakaoPay
5073,1037,2026-06-20,Fashion,Running Shoes,"₩89,000",3.0,Card
5024,1047,2026-03-01,Home & Kitchen,Air Fryer,"₩99,000",4.0,Card
5186,1046,2026-05-29,Electronics,Phone Charger,"₩25,000",1.0,KakaoPay
5104,1047,2026-08-22,Fashion,Backpack,"₩49,000",1.0,Bank Transfer
5212,1035,2026-08-03,Beauty,Face Serum,"₩45,000",2.0,Card
5068,1017,2026-07-17,Beauty,Face Serum,"₩45,000",2.0,KakaoPay
5026,1030,2026-05-06,Fashion,Running Shoes,"₩89,000",3.0,Bank Transfer
5197,1024,2026-08-02,Fashion,Winter Jacket,"₩159,000",4.0,
5176,1001,2026-05-19,electronics,Smart Watch,"₩189,000",4.0,KakaoPay
